	Uuid,Void/Retire,Same as mappings,Fully specified name:en,Fully specified name:km,Short name:en,Short name:km,Description:en,Description:km,Data class,Data type,Complex data handler,Answers,Members,Allow decimals,Units,Normal low,Normal high,Absolute low,Absolute high,_version:1,_order:1100
,,,WEIGHT,WEIGHT,Weight,ទម្ងន់ (គក),,,Misc,Numeric,,,,TRUE,kg,,,0,700,,
,,,"WEIGHT, grams","WEIGHT, grams","Weight, grams",ទម្ងន់ (ក្រាម),,,Misc,Numeric,,,,,g,,,0,,,
,,,HEIGHT,HEIGHT,Height,កំពស់ (សង់​ទី​ម៉ែ​ត),,,Misc,Numeric,,,,TRUE,cm,,,0,,,
,,,BMI,BMI,BMI,BMI,,,Computed,Numeric,,,,TRUE,,,,,,,
,,,BMI ABNORMAL,BMI ABNORMAL,BMI ABNORMAL,BMI ABNORMAL,,,Abnormal,Boolean,,,,,,,,,,,
,,,BMI Data,BMI Data,BMI,BMI,,,Concept Details,N/A,,,BMI; BMI ABNORMAL,,,,,,,,
,,,BMI STATUS ABNORMAL,BMI STATUS ABNORMAL,BMI STATUS ABNORMAL,BMI STATUS ABNORMAL,,,Abnormal,Boolean,,,,,,,,,,,
,,,BMI STATUS,BMI STATUS,BMI STATUS,BMI STATUS,,,Computed,Text,,,,,,,,,,,
,,,BMI Status Data,BMI Status Data,BMI STATUS,BMI STATUS,,,Concept Details,N/A,,,BMI STATUS ABNORMAL; BMI STATUS,,,,,,,,
84f626d0-3f10-11e4-adec-0800271c1b75,,,Nutritional Values,Nutritional Values,Nutritional Values,តម្លៃអាហារូបត្ថម្ភ,,,ConvSet,N/A,,,HEIGHT; WEIGHT,,,,,,,,
,,,Cambodia_Normal,Cambodia_Normal,normal,ធម្មតា,,,Misc,N/A,,,,,,,,,,,
,,,Cambodia_Abnormal,Cambodia_Abnormal,abnormal,មិនធម្មតា,,,Misc,N/A,,,,,,,,,,,
,,,Cambodia_Other Option,Cambodia_Other Option,other,ផ្សេងៗ,,,Misc,N/A,,,,,,,,,,,
,,,Cambodia_Immunizations Complete,Cambodia_Immunizations Complete,Immunizations Complete,ថ្នាំបង្ការចាក់គ្រប់,,,Question,Boolean,,,,,,,,,,,
,,,Cambodia_BCG,Cambodia_BCG,BCG,BCG,,,Question,Boolean,,,,,,,,,,,
,,,"Cambodia_BCG, Date Given","Cambodia_BCG, Date Given",Date given,កាលបរិច្ឆេទចាក់,,,Question,Date,,,,,,,,,,,
,,,Cambodia_BCG Set,Cambodia_BCG Set,BCG,BCG,,,Misc,N/A,,,"Cambodia_BCG; Cambodia_BCG, Date Given",,,,,,,,
,,,"Cambodia_HepB at birth, between 24h and 3 days","Cambodia_HepB at birth, between 24h and 3 days",Between 24h and 3 days,ពី 24 ម៉ោង រហូតដល់ 3 ថ្ងៃ,,,Misc,N/A,,,,,,,,,,,
,,,"Cambodia_HepB at birth, less than 24h","Cambodia_HepB at birth, less than 24h",Less than 24h,រហូតដល់ 24 ម៉ោង,,,Misc,N/A,,,,,,,,,,,
,,,"Cambodia_HepB at birth, time administrered after birth","Cambodia_HepB at birth, time administrered after birth",When was the vaccine administered?,ពេលណា​ចាក់វ៉ាក់សាំង?,,,Question,Coded,,"Cambodia_HepB at birth, less than 24h; Cambodia_HepB at birth, between 24h and 3 days; ",,,,,,,,,
,,,Cambodia_HepB at birth,Cambodia_HepB at birth,HepB at Birth,HepB នៅពេលកើត,,,Question,Boolean,,,,,,,,,,,
,,,Cambodia_Polio1,Cambodia_Polio1,"OPV, 1st",OPV 1,,,Question,Boolean,,,,,,,,,,,
,,,"Cambodia_Polio1, Date Given","Cambodia_Polio1, Date Given",Date given,កាលបរិច្ឆេទចាក់,,,Question,Date,,,,,,,,,,,
,,,Cambodia_Polio1 Set,Cambodia_Polio1 Set,Polio 1,ស្វិតដៃជើង 1,,,Misc,N/A,,,"Cambodia_Polio1; Cambodia_Polio1, Date Given",,,,,,,,
,,,Cambodia_Polio2,Cambodia_Polio2,"OPV, 2nd",OPV 2,,,Question,Boolean,,,,,,,,,,,
,,,"Cambodia_Polio2, Date Given","Cambodia_Polio2, Date Given",Date given,កាលបរិច្ឆេទចាក់,,,Question,Date,,,,,,,,,,,
,,,Cambodia_Polio2 Set,Cambodia_Polio2 Set,Polio 2,ស្វិតដៃជើង 2,,,Misc,N/A,,,"Cambodia_Polio2; Cambodia_Polio2, Date Given",,,,,,,,
,,,Cambodia_Polio3,Cambodia_Polio3,"OPV, 3rd",OPV 3,,,Question,Boolean,,,,,,,,,,,
,,,"Cambodia_Polio3, Date Given","Cambodia_Polio3, Date Given",Date given,កាលបរិច្ឆេទចាក់,,,Question,Date,,,,,,,,,,,
,,,Cambodia_Polio3 Set,Cambodia_Polio3 Set,Polio 3,ស្វិតដៃជើង 3,,,Misc,N/A,,,"Cambodia_Polio3; Cambodia_Polio3, Date Given",,,,,,,,
,,,Cambodia_IPV,Cambodia_IPV,IPV Injection,IPV,,,Question,Boolean,,,,,,,,,,,
,,,"Cambodia_IPV, Date Given","Cambodia_IPV, Date Given",Date given,កាលបរិច្ឆេទចាក់,,,Question,Date,,,,,,,,,,,
,,,Cambodia_IPV Set,Cambodia_IPV Set,IPV,IPV,,,Misc,N/A,,,"Cambodia_IPV; Cambodia_IPV, Date Given",,,,,,,,
,,,Cambodia_DTP-Hep-Hip1,Cambodia_DTP-Hep-Hip1,"DTP-Hep-Hip, 1st Injection",DTP-Hep-Hip 1,,,Question,Boolean,,,,,,,,,,,
,,,"Cambodia_DTP-Hep-Hip1, Date Given","Cambodia_DTP-Hep-Hip1, Date Given",Date given,កាលបរិច្ឆេទចាក់,,,Question,Date,,,,,,,,,,,
,,,Cambodia_DTP-Hep-Hip1 Set,Cambodia_DTP-Hep-Hip1 Set,DTP-Hep-Hip 1,DTP-Hep-Hip 1,,,Misc,N/A,,,"Cambodia_DTP-Hep-Hip1; Cambodia_DTP-Hep-Hip1, Date Given",,,,,,,,
,,,Cambodia_DTP-Hep-Hip2,Cambodia_DTP-Hep-Hip2,"DTP-Hep-Hip, 2nd Injection",DTP-Hep-Hip 2,,,Question,Boolean,,,,,,,,,,,
,,,"Cambodia_DTP-Hep-Hip2, Date Given","Cambodia_DTP-Hep-Hip2, Date Given",Date given,កាលបរិច្ឆេទចាក់,,,Question,Date,,,,,,,,,,,
,,,Cambodia_DTP-Hep-Hip2 Set,Cambodia_DTP-Hep-Hip2 Set,DTP-Hep-Hip 2,DTP-Hep-Hip 2,,,Misc,N/A,,,"Cambodia_DTP-Hep-Hip2; Cambodia_DTP-Hep-Hip2, Date Given",,,,,,,,
,,,Cambodia_DTP-Hep-Hip3,Cambodia_DTP-Hep-Hip3,"DTP-Hep-Hip, 3rd Injection",DTP-Hep-Hip 3,,,Question,Boolean,,,,,,,,,,,
,,,"Cambodia_DTP-Hep-Hip3, Date Given","Cambodia_DTP-Hep-Hip3, Date Given",Date given,កាលបរិច្ឆេទចាក់,,,Question,Date,,,,,,,,,,,
,,,Cambodia_DTP-Hep-Hip3 Set,Cambodia_DTP-Hep-Hip3 Set,DTP-Hep-Hip 3,DTP-Hep-Hip 3,,,Misc,N/A,,,"Cambodia_DTP-Hep-Hip3; Cambodia_DTP-Hep-Hip3, Date Given",,,,,,,,
,,,Cambodia_PCV1,Cambodia_PCV1,"PCV, 1st Injection",PCV 1,,,Question,Boolean,,,,,,,,,,,
,,,"Cambodia_PCV1, Date Given","Cambodia_PCV1, Date Given",Date given,កាលបរិច្ឆេទចាក់,,,Question,Date,,,,,,,,,,,
,,,Cambodia_PCV1 Set,Cambodia_PCV1 Set,PCV 1,PCV 1,,,Misc,N/A,,,"Cambodia_PCV1; Cambodia_PCV1, Date Given",,,,,,,,
,,,Cambodia_PCV2,Cambodia_PCV2,"PCV, 2nd Injection",PCV 2,,,Question,Boolean,,,,,,,,,,,
,,,"Cambodia_PCV2, Date Given","Cambodia_PCV2, Date Given",Date given,កាលបរិច្ឆេទចាក់,,,Question,Date,,,,,,,,,,,
,,,Cambodia_PCV2 Set,Cambodia_PCV2 Set,PCV 2,PCV 2,,,Misc,N/A,,,"Cambodia_PCV2; Cambodia_PCV2, Date Given",,,,,,,,
,,,Cambodia_PCV3,Cambodia_PCV3,"PCV, 3rd Injection",PCV 3,,,Question,Boolean,,,,,,,,,,,
,,,"Cambodia_PCV3, Date Given","Cambodia_PCV3, Date Given",Date given,កាលបរិច្ឆេទចាក់,,,Question,Date,,,,,,,,,,,
,,,Cambodia_PCV3 Set,Cambodia_PCV3 Set,PCV 3,PCV 3,,,Misc,N/A,,,"Cambodia_PCV3; Cambodia_PCV3, Date Given",,,,,,,,
,,,Cambodia_MR1,Cambodia_MR1,MR1,MR1,,,Question,Boolean,,,,,,,,,,,
,,,"Cambodia_MR1, Date Given","Cambodia_MR1, Date Given",Date given,កាលបរិច្ឆេទចាក់,,,Question,Date,,,,,,,,,,,
,,,Cambodia_MR1 Set,Cambodia_MR1 Set,MR1,MR1,,,Misc,N/A,,,"Cambodia_MR1; Cambodia_MR1, Date Given",,,,,,,,
,,,Cambodia_JE,Cambodia_JE,JE,JE,,,Question,Boolean,,,,,,,,,,,
,,,"Cambodia_JE, Date Given","Cambodia_JE, Date Given",Date given,កាលបរិច្ឆេទចាក់,,,Question,Date,,,,,,,,,,,
,,,Cambodia_JE Set,Cambodia_JE Set,JE,JE,,,Misc,N/A,,,"Cambodia_JE; Cambodia_JE, Date Given",,,,,,,,
,,,Cambodia_MR***,Cambodia_MR***,MR***,MR1,,,Question,Boolean,,,,,,,,,,,
,,,"Cambodia_MR***, Date Given","Cambodia_MR***, Date Given",Date given,កាលបរិច្ឆេទចាក់,,,Question,Date,,,,,,,,,,,
,,,Cambodia_MR*** Set,Cambodia_MR*** Set,MR***,MR1,,,Misc,N/A,,,"Cambodia_MR***; Cambodia_MR***, Date Given",,,,,,,,
,,,Cambodia_Tetanus1,Cambodia_Tetanus1,Tetanus 1,ត្តានុស 1,,,Question,Boolean,,,,,,,,,,,
,,,"Cambodia_Tetanus1, Date Given","Cambodia_Tetanus1, Date Given",Date given,កាលបរិច្ឆេទចាក់,,,Question,Date,,,,,,,,,,,
,,,Cambodia_Tetanus1 Set,Cambodia_Tetanus1 Set,Tetanus 1,ត្តានុស 1,,,Misc,N/A,,,"Cambodia_Tetanus1; Cambodia_Tetanus1, Date Given",,,,,,,,
,,,Cambodia_Tetanus2,Cambodia_Tetanus2,Tetanus 2,ត្តានុស 2,,,Question,Boolean,,,,,,,,,,,
,,,"Cambodia_Tetanus2, Date Given","Cambodia_Tetanus2, Date Given",Date given,កាលបរិច្ឆេទចាក់,,,Question,Date,,,,,,,,,,,
,,,Cambodia_Tetanus2 Set,Cambodia_Tetanus2 Set,Tetanus 2,ត្តានុស 2,,,Misc,N/A,,,"Cambodia_Tetanus2; Cambodia_Tetanus2, Date Given",,,,,,,,
,,,Cambodia_Tetanus3,Cambodia_Tetanus3,Tetanus 3,ត្តានុស 3,,,Question,Boolean,,,,,,,,,,,
,,,"Cambodia_Tetanus3, Date Given","Cambodia_Tetanus3, Date Given",Date given,កាលបរិច្ឆេទចាក់,,,Question,Date,,,,,,,,,,,
,,,Cambodia_Tetanus3 Set,Cambodia_Tetanus3 Set,Tetanus 3,ត្តានុស 3,,,Misc,N/A,,,"Cambodia_Tetanus3; Cambodia_Tetanus3, Date Given",,,,,,,,
,,,Cambodia_Tetanus4,Cambodia_Tetanus4,Tetanus 4,ត្តានុស 4,,,Question,Boolean,,,,,,,,,,,
,,,"Cambodia_Tetanus4, Date Given","Cambodia_Tetanus4, Date Given",Date given,កាលបរិច្ឆេទចាក់,,,Question,Date,,,,,,,,,,,
,,,Cambodia_Tetanus4 Set,Cambodia_Tetanus4 Set,Tetanus 4,ត្តានុស 4,,,Misc,N/A,,,"Cambodia_Tetanus4; Cambodia_Tetanus4, Date Given",,,,,,,,
,,,Cambodia_Tetanus5,Cambodia_Tetanus5,Tetanus 5,ត្តានុស 5,,,Question,Boolean,,,,,,,,,,,
,,,"Cambodia_Tetanus5, Date Given","Cambodia_Tetanus5, Date Given",Date given,កាលបរិច្ឆេទចាក់,,,Question,Date,,,,,,,,,,,
,,,Cambodia_Tetanus5 Set,Cambodia_Tetanus5 Set,Tetanus 5,ត្តានុស 5,,,Misc,N/A,,,"Cambodia_Tetanus5; Cambodia_Tetanus5, Date Given",,,,,,,,
,,,Cambodia_Immunizations,Cambodia_Immunizations,Completed Immunizations,ថ្នាំបង្ការចាក់គ្រប់,,,Question,Coded,,,,,,,,,,,
,,,Cambodia_List Incomplete Immunizations,Cambodia_List Incomplete Immunizations,List Incomplete Immunizations,ឈ្មោះថ្នាំបង្ការដែលមិនទាន់ចាក់គ្រប់,,,Question,Text,,,,,,,,,,,
,,,Cambodia_New Immunization,Cambodia_New Immunization,New Immunization,ថ្នាំបង្ការថ្មី,,,Question,Coded,,Cambodia_Polio1; Cambodia_Polio2; Cambodia_Polio3; Cambodia_IPV; Cambodia_DTP-Hep-Hip1; Cambodia_DTP-Hep-Hip2; Cambodia_DTP-Hep-Hip3; Cambodia_PCV1; Cambodia_PCV2; Cambodia_PCV3; Cambodia_MR1; Cambodia_JE; Cambodia_MR***; Cambodia_Tetanus1; Cambodia_Tetanus2; Cambodia_Tetanus3; Cambodia_Tetanus4; Cambodia_Tetanus5; ,,,,,,,,,
,,,Cambodia_Immunizations Form,Cambodia_Immunizations Form,New Immunizations,ថ្នាំបង្ការថ្មី,,,ConvSet,N/A,,,Cambodia_New Immunization,,,,,,,,
,,,Cambodia_Pregnant Women Immunizations Set OLD,Cambodia_Pregnant Women Immunizations Set OLD,Pregnant Women Immunizations,ថ្នាំបង្ការ,,,ConvSet,N/A,,,"Cambodia_Tetanus1; Cambodia_Tetanus1, Date Given;Cambodia_Tetanus2; Cambodia_Tetanus2, Date Given;Cambodia_Tetanus3; Cambodia_Tetanus3, Date Given;Cambodia_Tetanus4; Cambodia_Tetanus4, Date Given;Cambodia_Tetanus5; Cambodia_Tetanus5, Date Given",,,,,,,,
,,,Cambodia_Pregnant Women Immunizations Set,Cambodia_Pregnant Women Immunizations Set,Pregnant Women Immunizations,ថ្នាំបង្ការ,,,ConvSet,N/A,,,Cambodia_Tetanus1 Set; Cambodia_Tetanus2 Set; Cambodia_Tetanus3 Set; Cambodia_Tetanus4 Set; Cambodia_Tetanus5 Set; ,,,,,,,,
,,,Cambodia_Pulse,Cambodia_Pulse,Pulse,ជីពចរ,,,Question,Numeric,,,,,,60,90,10,500,,
,,,Cambodia_Pulse Abnormal,Cambodia_Pulse Abnormal,Abnormal Pulse,ជីពចរមិនធម្មតា,,,Abnormal,Boolean,,,,,,,,,,,
,,,Cambodia_Pulse Data,Cambodia_Pulse Data,Pulse,ជីពចរ,,,Concept Details,N/A,,,Cambodia_Pulse;Cambodia_Pulse Abnormal;,,,,,,,,
,,,Cambodia_Diastolic Blood Pressure,Cambodia_Diastolic Blood Pressure,Diastolic,សម្ពាធឈាម Diastolic,,,Question,Numeric,,,,,,60,80,20,400,,
,,,Cambodia_Diastolic Blood Pressure Abnormal,Cambodia_Diastolic Blood Pressure Abnormal,Diastolic Abnormal,Diastolicមិនធម្មតា,,,Abnormal,Boolean,,,,,,,,,,,
,,,Cambodia_Diastolic Blood Pressure Data,Cambodia_Diastolic Blood Pressure Data,Diastolic,សម្ពាធឈាម Diastolic,,,Concept Details,N/A,,,Cambodia_Diastolic Blood Pressure; Cambodia_Diastolic Blood Pressure Abnormal;,,,,,,,,
,,,Cambodia_Systolic Blood Pressure,Cambodia_Systolic Blood Pressure,Systolic,សម្ពាធឈាម Systolic,,,Question,Numeric,,,,,,90,120,40,400,,
,,,Cambodia_Systolic Blood Pressure Abnormal,Cambodia_Systolic Blood Pressure Abnormal,Systolic Abnormal,Systolicមិនធម្មតា,,,Abnormal,Boolean,,,,,,,,,,,
,,,Cambodia_Systolic Blood Pressure Data,Cambodia_Systolic Blood Pressure Data,Systolic,សម្ពាធឈាម Systolic,,,Concept Details,N/A,,,Cambodia_Systolic Blood Pressure; Cambodia_Systolic Blood Pressure Abnormal,,,,,,,,
,,,Cambodia_Temperature,Cambodia_Temperature,T,កម្តៅ,,,Question,Numeric,,,,TRUE,,36.7,37.5,10,120,,
,,,Cambodia_Temperature Abnormal,Cambodia_Temperature Abnormal,T Abnormal,កម្តៅមិនធម្មតា,,,Abnormal,Boolean,,,,,,,,,,,
,,,Cambodia_Temperature Data,Cambodia_Temperature Data,T,កម្តៅ,,,Concept Details,N/A,,,Cambodia_Temperature; Cambodia_Temperature Abnormal,,,,,,,,
,,,Cambodia_Respiratory Rate,Cambodia_Respiratory Rate,RR,ចង្វាក់ដង្ហើម,,,Question,Numeric,,,,,,,,,,,
,,,Cambodia_Respiratory Rate Abnormal,Cambodia_Respiratory Rate Abnormal,RR Abnormal,ចង្វាក់ដង្ហើមមិនធម្មតា,,,Abnormal,Boolean,,,,,,,,,,,
,,,Cambodia_Respiratory Rate Data,Cambodia_Respiratory Rate Data,RR,ចង្វាក់ដង្ហើម,,,Concept Details,N/A,,,Cambodia_Respiratory Rate; Cambodia_Respiratory Rate Abnormal,,,,,,,,
,,,Cambodia_Oxygen Saturation,Cambodia_Oxygen Saturation,SaO2,O2ក្នុងឈាម,,,Question,Numeric,,,,,,95,100,0,100,,
,,,Cambodia_Oxygen Saturation Abnormal,Cambodia_Oxygen Saturation Abnormal,SaO2 Abnormal,O2ក្នុងឈាមមិនធម្មតា,,,Abnormal,Boolean,,,,,,,,,,,
,,,Cambodia_Oxygen Saturation Data,Cambodia_Oxygen Saturation Data,SaO2,O2ក្នុងឈាម,,,Concept Details,N/A,,,Cambodia_Oxygen Saturation; Cambodia_Oxygen Saturation Abnormal,,,,,,,,
,,,Cambodia_Capillary Refill Time,Cambodia_Capillary Refill Time,CRT,រយៈពេលចរន្តឈាមរត់ចុងអវៈយវៈ,,,Question,Numeric,,,,TRUE,,0,2,0,,,
,,,Cambodia_Capillary Refill Time Abnormal,Cambodia_Capillary Refill Time Abnormal,CRT Abnormal,រយៈពេលចរន្តឈាមរត់ចុងអវៈយវៈមិនធម្មតា,,,Abnormal,Boolean,,,,,,,,,,,
,,,Cambodia_Capillary Refill Time Data,Cambodia_Capillary Refill Time Data,CRT,រយៈពេលចរន្តឈាមរត់ចុងអវៈយវៈ,,,Concept Details,N/A,,,Cambodia_Capillary Refill Time; Cambodia_Capillary Refill Time Abnormal,,,,,,,,
,,,Cambodia_Has Allergies,Cambodia_Has Allergies,Allergies,ប្រតិកម្មអាល់លែកហ្សី,,,Question,Boolean,,,,,,,,,,,
,,,Cambodia_Allergies,Cambodia_Allergies,List/Describe Allergies,រាយឈ្មោះអាល់លែកហ្សី,,,Question,Text,,,,,,,,,,,
,,,Cambodia_Allergies Form,Cambodia_Allergies Form,Allergies,អាល់លែកហ្សី,,,ConvSet,N/A,,,Cambodia_Allergies; ,,,,,,,,
,,,Cambodia_Allergy History,Cambodia_Allergy History,Allergies,អាល់លែកហ្សី,,,ConvSet,N/A,,,Cambodia_Allergies; ,,,,,,,,
,,,Cambodia_Blood Pressure Set,Cambodia_Blood Pressure Set,Blood Pressure,សំពាធឈាម,,,ConvSet,N/A,,,Cambodia_Systolic Blood Pressure Data; Cambodia_Diastolic Blood Pressure Data; ,,,,,,,,
,,,Cambodia_Vital Signs Basic Set,Cambodia_Vital Signs Basic Set,Vital Signs,សញ្ញាជីវិត,,,ConvSet,N/A,,,Cambodia_Pulse Data; Cambodia_Blood Pressure Set; Cambodia_Temperature Data; Cambodia_Respiratory Rate Data; ,,,,,,,,
,,,Cambodia_Vital Signs Extended Form,Cambodia_Vital Signs Extended Form,Vital Signs,សញ្ញាជីវិត,,,ConvSet,N/A,,,Cambodia_Pulse Data; Cambodia_Blood Pressure Set; Cambodia_Temperature Data; Cambodia_Respiratory Rate Data; Cambodia_Oxygen Saturation Data; Cambodia_Capillary Refill Time Data; Nutritional Values;,,,,,,,,
,,,Cambodia_Tooth 11,Cambodia_Tooth 11,#11,#11,,,Misc,N/A,,,,,,,,,,,
,,,Cambodia_Tooth 12,Cambodia_Tooth 12,#12,#12,,,Misc,N/A,,,,,,,,,,,
,,,Cambodia_Tooth 13,Cambodia_Tooth 13,#13,#13,,,Misc,N/A,,,,,,,,,,,
,,,Cambodia_Tooth 14,Cambodia_Tooth 14,#14,#14,,,Misc,N/A,,,,,,,,,,,
,,,Cambodia_Tooth 15,Cambodia_Tooth 15,#15,#15,,,Misc,N/A,,,,,,,,,,,
,,,Cambodia_Tooth 16,Cambodia_Tooth 16,#16,#16,,,Misc,N/A,,,,,,,,,,,
,,,Cambodia_Tooth 17,Cambodia_Tooth 17,#17,#17,,,Misc,N/A,,,,,,,,,,,
,,,Cambodia_Tooth 18,Cambodia_Tooth 18,#18,#18,,,Misc,N/A,,,,,,,,,,,
,,,Cambodia_Tooth 21,Cambodia_Tooth 21,#21,#21,,,Misc,N/A,,,,,,,,,,,
,,,Cambodia_Tooth 22,Cambodia_Tooth 22,#22,#22,,,Misc,N/A,,,,,,,,,,,
,,,Cambodia_Tooth 23,Cambodia_Tooth 23,#23,#23,,,Misc,N/A,,,,,,,,,,,
,,,Cambodia_Tooth 24,Cambodia_Tooth 24,#24,#24,,,Misc,N/A,,,,,,,,,,,
,,,Cambodia_Tooth 25,Cambodia_Tooth 25,#25,#25,,,Misc,N/A,,,,,,,,,,,
,,,Cambodia_Tooth 26,Cambodia_Tooth 26,#26,#26,,,Misc,N/A,,,,,,,,,,,
,,,Cambodia_Tooth 27,Cambodia_Tooth 27,#27,#27,,,Misc,N/A,,,,,,,,,,,
,,,Cambodia_Tooth 28,Cambodia_Tooth 28,#28,#28,,,Misc,N/A,,,,,,,,,,,
,,,Cambodia_Tooth 31,Cambodia_Tooth 31,#31,#31,,,Misc,N/A,,,,,,,,,,,
,,,Cambodia_Tooth 32,Cambodia_Tooth 32,#32,#32,,,Misc,N/A,,,,,,,,,,,
,,,Cambodia_Tooth 33,Cambodia_Tooth 33,#33,#33,,,Misc,N/A,,,,,,,,,,,
,,,Cambodia_Tooth 34,Cambodia_Tooth 34,#34,#34,,,Misc,N/A,,,,,,,,,,,
,,,Cambodia_Tooth 35,Cambodia_Tooth 35,#35,#35,,,Misc,N/A,,,,,,,,,,,
,,,Cambodia_Tooth 36,Cambodia_Tooth 36,#36,#36,,,Misc,N/A,,,,,,,,,,,
,,,Cambodia_Tooth 37,Cambodia_Tooth 37,#37,#37,,,Misc,N/A,,,,,,,,,,,
,,,Cambodia_Tooth 38,Cambodia_Tooth 38,#38,#38,,,Misc,N/A,,,,,,,,,,,
,,,Cambodia_Tooth 41,Cambodia_Tooth 41,#41,#41,,,Misc,N/A,,,,,,,,,,,
,,,Cambodia_Tooth 42,Cambodia_Tooth 42,#42,#42,,,Misc,N/A,,,,,,,,,,,
,,,Cambodia_Tooth 43,Cambodia_Tooth 43,#43,#43,,,Misc,N/A,,,,,,,,,,,
,,,Cambodia_Tooth 44,Cambodia_Tooth 44,#44,#44,,,Misc,N/A,,,,,,,,,,,
,,,Cambodia_Tooth 45,Cambodia_Tooth 45,#45,#45,,,Misc,N/A,,,,,,,,,,,
,,,Cambodia_Tooth 46,Cambodia_Tooth 46,#46,#46,,,Misc,N/A,,,,,,,,,,,
,,,Cambodia_Tooth 47,Cambodia_Tooth 47,#47,#47,,,Misc,N/A,,,,,,,,,,,
,,,Cambodia_Tooth 48,Cambodia_Tooth 48,#48,#48,,,Misc,N/A,,,,,,,,,,,
,,,Cambodia_Tooth 51,Cambodia_Tooth 51,#51,#51,,,Misc,N/A,,,,,,,,,,,
,,,Cambodia_Tooth 52,Cambodia_Tooth 52,#52,#52,,,Misc,N/A,,,,,,,,,,,
,,,Cambodia_Tooth 53,Cambodia_Tooth 53,#53,#53,,,Misc,N/A,,,,,,,,,,,
,,,Cambodia_Tooth 54,Cambodia_Tooth 54,#54,#54,,,Misc,N/A,,,,,,,,,,,
,,,Cambodia_Tooth 55,Cambodia_Tooth 55,#55,#55,,,Misc,N/A,,,,,,,,,,,
,,,Cambodia_Tooth 61,Cambodia_Tooth 61,#61,#61,,,Misc,N/A,,,,,,,,,,,
,,,Cambodia_Tooth 62,Cambodia_Tooth 62,#62,#62,,,Misc,N/A,,,,,,,,,,,
,,,Cambodia_Tooth 63,Cambodia_Tooth 63,#63,#63,,,Misc,N/A,,,,,,,,,,,
,,,Cambodia_Tooth 64,Cambodia_Tooth 64,#64,#64,,,Misc,N/A,,,,,,,,,,,
,,,Cambodia_Tooth 65,Cambodia_Tooth 65,#65,#65,,,Misc,N/A,,,,,,,,,,,
,,,Cambodia_Tooth 71,Cambodia_Tooth 71,#71,#71,,,Misc,N/A,,,,,,,,,,,
,,,Cambodia_Tooth 72,Cambodia_Tooth 72,#72,#72,,,Misc,N/A,,,,,,,,,,,
,,,Cambodia_Tooth 73,Cambodia_Tooth 73,#73,#73,,,Misc,N/A,,,,,,,,,,,
,,,Cambodia_Tooth 74,Cambodia_Tooth 74,#74,#74,,,Misc,N/A,,,,,,,,,,,
,,,Cambodia_Tooth 75,Cambodia_Tooth 75,#75,#75,,,Misc,N/A,,,,,,,,,,,
,,,Cambodia_Tooth 81,Cambodia_Tooth 81,#81,#81,,,Misc,N/A,,,,,,,,,,,
,,,Cambodia_Tooth 82,Cambodia_Tooth 82,#82,#82,,,Misc,N/A,,,,,,,,,,,
,,,Cambodia_Tooth 83,Cambodia_Tooth 83,#83,#83,,,Misc,N/A,,,,,,,,,,,
,,,Cambodia_Tooth 84,Cambodia_Tooth 84,#84,#84,,,Misc,N/A,,,,,,,,,,,
,,,Cambodia_Tooth 85,Cambodia_Tooth 85,#85,#85,,,Misc,N/A,,,,,,,,,,,
,,,Cambodia_Missing Teeth,Cambodia_Missing Teeth,Missing Teeth,ធ្មេញបាក់,,,Question,Coded,,CAMBODIA_Tooth 11; CAMBODIA_Tooth 12; CAMBODIA_Tooth 13; CAMBODIA_Tooth 14; CAMBODIA_Tooth 15; CAMBODIA_Tooth 16; CAMBODIA_Tooth 17; CAMBODIA_Tooth 18; CAMBODIA_Tooth 21; CAMBODIA_Tooth 22; CAMBODIA_Tooth 23; CAMBODIA_Tooth 24; CAMBODIA_Tooth 25; CAMBODIA_Tooth 26; CAMBODIA_Tooth 27; CAMBODIA_Tooth 28; CAMBODIA_Tooth 31; CAMBODIA_Tooth 32; CAMBODIA_Tooth 33; CAMBODIA_Tooth 34; CAMBODIA_Tooth 35; CAMBODIA_Tooth 36; CAMBODIA_Tooth 37; CAMBODIA_Tooth 38; CAMBODIA_Tooth 41; CAMBODIA_Tooth 42; CAMBODIA_Tooth 43; CAMBODIA_Tooth 44; CAMBODIA_Tooth 45; CAMBODIA_Tooth 46; CAMBODIA_Tooth 47; CAMBODIA_Tooth 48; CAMBODIA_Tooth 51; CAMBODIA_Tooth 52; CAMBODIA_Tooth 53; CAMBODIA_Tooth 54; CAMBODIA_Tooth 55; CAMBODIA_Tooth 61; CAMBODIA_Tooth 62; CAMBODIA_Tooth 63; CAMBODIA_Tooth 64; CAMBODIA_Tooth 65; CAMBODIA_Tooth 71; CAMBODIA_Tooth 72; CAMBODIA_Tooth 73; CAMBODIA_Tooth 74; CAMBODIA_Tooth 75; CAMBODIA_Tooth 81; CAMBODIA_Tooth 82; CAMBODIA_Tooth 83; CAMBODIA_Tooth 84; CAMBODIA_Tooth 85; ,,,,,,,,,
,,,Cambodia_Teeth Extracted,Cambodia_Teeth Extracted,Teeth Extracted,ដកធ្មេញ,,,Question,Coded,,CAMBODIA_Tooth 11; CAMBODIA_Tooth 12; CAMBODIA_Tooth 13; CAMBODIA_Tooth 14; CAMBODIA_Tooth 15; CAMBODIA_Tooth 16; CAMBODIA_Tooth 17; CAMBODIA_Tooth 18; CAMBODIA_Tooth 21; CAMBODIA_Tooth 22; CAMBODIA_Tooth 23; CAMBODIA_Tooth 24; CAMBODIA_Tooth 25; CAMBODIA_Tooth 26; CAMBODIA_Tooth 27; CAMBODIA_Tooth 28; CAMBODIA_Tooth 31; CAMBODIA_Tooth 32; CAMBODIA_Tooth 33; CAMBODIA_Tooth 34; CAMBODIA_Tooth 35; CAMBODIA_Tooth 36; CAMBODIA_Tooth 37; CAMBODIA_Tooth 38; CAMBODIA_Tooth 41; CAMBODIA_Tooth 42; CAMBODIA_Tooth 43; CAMBODIA_Tooth 44; CAMBODIA_Tooth 45; CAMBODIA_Tooth 46; CAMBODIA_Tooth 47; CAMBODIA_Tooth 48; CAMBODIA_Tooth 51; CAMBODIA_Tooth 52; CAMBODIA_Tooth 53; CAMBODIA_Tooth 54; CAMBODIA_Tooth 55; CAMBODIA_Tooth 61; CAMBODIA_Tooth 62; CAMBODIA_Tooth 63; CAMBODIA_Tooth 64; CAMBODIA_Tooth 65; CAMBODIA_Tooth 71; CAMBODIA_Tooth 72; CAMBODIA_Tooth 73; CAMBODIA_Tooth 74; CAMBODIA_Tooth 75; CAMBODIA_Tooth 81; CAMBODIA_Tooth 82; CAMBODIA_Tooth 83; CAMBODIA_Tooth 84; CAMBODIA_Tooth 85; ,,,,,,,,,
,,,Cambodia_Teeth Filled,Cambodia_Teeth Filled,Teeth Filled,ប៉ះធ្មេញ,,,Question,Coded,,CAMBODIA_Tooth 11; CAMBODIA_Tooth 12; CAMBODIA_Tooth 13; CAMBODIA_Tooth 14; CAMBODIA_Tooth 15; CAMBODIA_Tooth 16; CAMBODIA_Tooth 17; CAMBODIA_Tooth 18; CAMBODIA_Tooth 21; CAMBODIA_Tooth 22; CAMBODIA_Tooth 23; CAMBODIA_Tooth 24; CAMBODIA_Tooth 25; CAMBODIA_Tooth 26; CAMBODIA_Tooth 27; CAMBODIA_Tooth 28; CAMBODIA_Tooth 31; CAMBODIA_Tooth 32; CAMBODIA_Tooth 33; CAMBODIA_Tooth 34; CAMBODIA_Tooth 35; CAMBODIA_Tooth 36; CAMBODIA_Tooth 37; CAMBODIA_Tooth 38; CAMBODIA_Tooth 41; CAMBODIA_Tooth 42; CAMBODIA_Tooth 43; CAMBODIA_Tooth 44; CAMBODIA_Tooth 45; CAMBODIA_Tooth 46; CAMBODIA_Tooth 47; CAMBODIA_Tooth 48; CAMBODIA_Tooth 51; CAMBODIA_Tooth 52; CAMBODIA_Tooth 53; CAMBODIA_Tooth 54; CAMBODIA_Tooth 55; CAMBODIA_Tooth 61; CAMBODIA_Tooth 62; CAMBODIA_Tooth 63; CAMBODIA_Tooth 64; CAMBODIA_Tooth 65; CAMBODIA_Tooth 71; CAMBODIA_Tooth 72; CAMBODIA_Tooth 73; CAMBODIA_Tooth 74; CAMBODIA_Tooth 75; CAMBODIA_Tooth 81; CAMBODIA_Tooth 82; CAMBODIA_Tooth 83; CAMBODIA_Tooth 84; CAMBODIA_Tooth 85; ,,,,,,,,,
,,,Cambodia_Is Small Dental Surgery Performed,Cambodia_Is Small Dental Surgery Performed,Small Surgery Performed,បានធ្វើវះកាត់តូច,,,Question,Boolean,,,,,,,,,,,
,,,Cambodia_Stitches (Suture),Cambodia_Stitches (Suture),Stitches (Suture),ដេរ,,,Misc,N/A,,,,,,,,,,,
,,,Cambodia_Drain Dental Abscess,Cambodia_Drain Dental Abscess,Drain Dental Abscess,វះបង្ហូរខ្ទុះ,,,Misc,N/A,,,,,,,,,,,
,,,Cambodia_Coded Small Dental Surgery Performed,Cambodia_Coded Small Dental Surgery Performed,Small Surgery Type,ប្រភេទវះកាត់តូច,,,Question,Coded,,Cambodia_Stitches (Suture); Cambodia_Drain Dental Abscess,,,,,,,,,
,,,Cambodia_Other Small Dental Surgery,Cambodia_Other Small Dental Surgery,Other Small Surgery,ទំរង់ការផ្សេងៗ,,,Question,Text,,,,,,,,,,,
,,,Cambodia_Small Dental Surgery Set,Cambodia_Small Dental Surgery Set,Small Surgery,វះកាត់តូច,,,ConvSet,N/A,,,Cambodia_Coded Small Dental Surgery Performed; Cambodia_Other Small Dental Surgery,,,,,,,,
,,,Cambodia_Scaling,Cambodia_Scaling,Scaling,សំអាតកំបោរ,,,Question,Boolean,,,,,,,,,,,
,,,Cambodia_Prevention Education,Cambodia_Prevention Education,Prevention Education,អប់រំពីការពារធ្មេញ,,,Question,Boolean,,,,,,,,,,,
,,,Cambodia_Prevention Fluoride,Cambodia_Prevention Fluoride,Fluoride Treatment,ការពារដោយ​ Fluoride,,,Question,Boolean,,,,,,,,,,,
,,,Cambodia_Dental Notes,Cambodia_Dental Notes,Dental Notes,កំណត់ធ្មេញ,,,Question,Text,,,,,,,,,,,
,,,Cambodia_Dental Exam Form,Cambodia_Dental Exam Form,Dental Exam,ការពិនិត្យធ្មេញ,,,ConvSet,N/A,,,Cambodia_Missing Teeth; Cambodia_Teeth Extracted; Cambodia_Teeth Filled;Cambodia_Small Dental Surgery Set; Cambodia_Scaling; Cambodia_Prevention Education; Cambodia_Prevention Fluoride;Cambodia_Dental Notes,,,,,,,,
,,,Cambodia_Referred To,Cambodia_Referred To,Referred to,បញ្ចូនមកដល់,,,Question,Text,,,,,,,,,,,
,,,Cambodia_Referral Notes,Cambodia_Referral Notes,Referral Notes,កំណត់ត្រាបញ្ចូនមក,,,Question,Text,,,,,,,,,,,
,,,Cambodia_Height less than 145cm,Cambodia_Height less than 145cm,Height less than 145cm,,,,Misc,N/A,,,,,,,,,,,
,,,Cambodia_Previous C-section,Cambodia_Previous C-section,Previous C-section,,,,Misc,N/A,,,,,,,,,,,
,,,Cambodia_Danger Signs,Cambodia_Danger Signs,Danger Signs,,,,Misc,N/A,,,,,,,,,,,
,,,Cambodia_Malposition,Cambodia_Malposition,Malposition,,,,Misc,N/A,,,,,,,,,,,
,,,Cambodia_Multiple Pregnancy,Cambodia_Multiple Pregnancy,Multiple Pregnancy,,,,Misc,N/A,,,,,,,,,,,
,,,Cambodia_ANC Referral,Cambodia_ANC Referral,ANC Referral,,,,Question,Boolean,,,,,,,,,,,
,,,Cambodia_ANC Referral Reason,Cambodia_ANC Referral Reason,ANC Referral Reason,,,,Question,Coded,,Cambodia_Height less than 145cm; Cambodia_Previous C-section; Cambodia_Danger Signs; Cambodia_Malposition; Cambodia_Multiple Pregnancy,,,,,,,,,
,,,Cambodia_Referral Form,Cambodia_Referral Form,Referral,បញ្ចូនមកពី,,,ConvSet,N/A,,,Cambodia_Referred To;  Cambodia_ANC Referral; Cambodia_ANC Referral Reason;Cambodia_Referral Notes;,,,,,,,,
,,,Cambodia_ANC Visit 1,Cambodia_ANC Visit 1,Visit 1,ពិនិត្យ ទី 1,,,Misc,N/A,,,,,,,,,,,
,,,Cambodia_ANC Visit 2,Cambodia_ANC Visit 2,Visit 2,ពិនិត្យ ទី 2,,,Misc,N/A,,,,,,,,,,,
,,,Cambodia_ANC Visit 3,Cambodia_ANC Visit 3,Visit 3,ពិនិត្យ ទី 3,,,Misc,N/A,,,,,,,,,,,
,,,Cambodia_ANC Visit 4,Cambodia_ANC Visit 4,Visit 4,ពិនិត្យ ទី 4,,,Misc,N/A,,,,,,,,,,,
,,,Cambodia_ANC Visit Number,Cambodia_ANC Visit Number,Visit Number,លេខពិនិត្យ,,,Question,Coded,,Cambodia_ANC Visit 1; Cambodia_ANC Visit 2; Cambodia_ANC Visit 3; Cambodia_ANC Visit 4,,,,,,,,,
,,,Cambodia_Gestation,Cambodia_Gestation,Gestation,ដំណើរមានគភ៏,,,Question,Numeric,,,,,Weeks,,,,,,
,,,Cambodia_Cough With Sputum More Than 3 Weeks,Cambodia_Cough With Sputum More Than 3 Weeks,cough with sputum >3 weeks,ក្អកមានស្លែស 3 អាទិត្យ ឡើង ,,,Misc,N/A,,,,,,,,,,,
,,,Cambodia_Signs of Anaemia,Cambodia_Signs of Anaemia,signs of anaemia,សញ្ញា នៃជំងឺស្លេកស្លាំង,,,Misc,N/A,,,,,,,,,,,
,,,Cambodia_Fever,Cambodia_Fever,fever,ក្តៅខ្លួន,,,Misc,N/A,,,,,,,,,,,
,,,Cambodia_Vaginal Bleeding,Cambodia_Vaginal Bleeding,vaginal bleeding,ធ្លាក់ឈាមតាមទ្វារមាស,,,Misc,N/A,,,,,,,,,,,
,,,Cambodia_ANC_Symptoms,Cambodia_ANC_Symptoms,Symptoms,រោគសញ្ញា,,,Question,Coded,,Cambodia_Vaginal Bleeding; Cambodia_Fever; Cambodia_Cough With Sputum More Than 3 Weeks; Cambodia_Signs of Anaemia,,,,,,,,,
,,,Cambodia_Fetal Pulse,Cambodia_Fetal Pulse,Fetal Pulse,ជិពចររបស់គភ៏,,,Question,Numeric,,,,,,90,150,0,500,,
,,,Cambodia_Fetal Pulse Abnormal,Cambodia_Fetal Pulse Abnormal,Abnormal Fetal Pulse,ចង្វាក់ជិពចរ មិនធម្មតា របស់ គភ៏,,,Abnormal,Boolean,,,,,,,,,,,
,,,Cambodia_Fetal Pulse Data,Cambodia_Fetal Pulse Data,Fetal Pulse,ជិពចរ របស់ គភ៏,,,Concept Details,N/A,,,Cambodia_Fetal Pulse; Cambodia_Fetal Pulse Abnormal,,,,,,,,
,,,Cambodia_Vital Signs ANC Set,Cambodia_Vital Signs ANC Set,Vital Signs,សញ្ញាជីវិត,,,ConvSet,N/A,,,Cambodia_Blood Pressure Set; Cambodia_Temperature Data; Cambodia_Pulse; Cambodia_Fetal Pulse; ,,,,,,,,
,,,Cambodia_Stomach_Diameter,Cambodia_Stomach_Diameter,Stomach Diameter (cm),កំពស់ស្បូន​(សង្ទីម៉ែត្រ),,,Question,Numeric,,,,TRUE,,,,0,,,
,,,Cambodia_Height Of Uterus,Cambodia_Height Of Uterus,Height of Uterus,,,,Question,Numeric,,,,,,,,,,,
,,,Cambodia_Head,Cambodia_Head,Head,ក្បាល,,,Misc,N/A,,,,,,,,,,,
,,,Cambodia_Breech,Cambodia_Breech,Breech,ក្រោយ(គួត ឬ ជើង),,,Misc,N/A,,,,,,,,,,,
,,,Cambodia_Shoulder,Cambodia_Shoulder,Shoulder,ស្មា,,,Misc,N/A,,,,,,,,,,,
,,,Cambodia_Presenting Part,Cambodia_Presenting Part,Presenting Part,ផ្នែកនៃការកើតរបស់គភ៏,,,Question,Coded,,Cambodia_Head; Cambodia_Breech; Cambodia_Shoulder,,,,,,,,,
,,,Cambodia_Other ANC Problems,Cambodia_Other ANC Problems,Other Problems,បញ្ហាផ្សេងៗ,,,Question,Text,,,,,,,,,,,
,,,Cambodia_Prenatal Care,Cambodia_Prenatal Care,Prenatal Care,ការមើលថែមុនសំរាល,,,Misc,N/A,,,,,,,,,,,
,,,Cambodia_Prevention,Cambodia_Prevention,Prevention,ការការពារ,,,Misc,N/A,,,,,,,,,,,
,,,Cambodia_Dangerous signs,Cambodia_Dangerous signs,Dangerous Signs,សញ្ញាគ្រោះថ្នាក់,,,Misc,N/A,,,,,,,,,,,
,,,Cambodia_Delivery planning,Cambodia_Delivery planning,Delivery Planning,ផែនការសម្រាល,,,Misc,N/A,,,,,,,,,,,
,,,Cambodia_Breast Feeding,Cambodia_Breast Feeding,Breast Feeding,បំបៅដោះ,,,Misc,N/A,,,,,,,,,,,
,,,Cambodia_Newborn Care,Cambodia_Newborn Care,Newborn Care,ការមើលថែរក្សាទារក,,,Misc,N/A,,,,,,,,,,,
,,,Cambodia_Postnatal Care,Cambodia_Postnatal Care,Postnatal Care,ការមើលថែរក្សា ក្រោយសំរាល,,,Misc,N/A,,,,,,,,,,,
,,,Cambodia_Immunization,Cambodia_Immunization,Immunization,ថ្នាំបង្ការ,,,Misc,N/A,,,,,,,,,,,
,,,Cambodia_Education Topic,Cambodia_Education Topic,Education Topic,ប្រធានបទអប់រំ,,,Question,Coded,,Cambodia_Prenatal Care; Cambodia_Prevention; Cambodia_Dangerous Signs; Cambodia_Delivery Planning; Cambodia_Breast Feeding; Cambodia_Newborn Care ; Cambodia_Postnatal Care; Cambodia_Immunization; ,,,,,,,,,
,,,Cambodia_Followup Appointment Date,Cambodia_Followup Appointment Date,Followup Appointment Date,តាមដានកាលបរិច្ឆេទណាត់ជួប,,,Question,Date,,,,,,,,,,,
,,,Cambodia_ANC Notes,Cambodia_ANC Notes,Notes [give mebendazole after 1st trimester - do not give albendazole during pregnancy],កំណត់ត្រា [ផ្ដល់ថ្នាំ មេបង់ដាហ្សូល បន្ទាប់ពី​គភ៌មាន អយុ4ខែ(មិនអោយ អាល់បង់ដាហ្សូល],,,Question,Text,,,,,,,,,,,
,,,Cambodia_ANC Visit Form,Cambodia_ANC Visit Form,ANC - Visit,ការថែទាំមុនសំរាល,,,ConvSet,N/A,,,Cambodia_ANC Visit Number; Cambodia_Gestation; Cambodia_ANC_Symptoms; Cambodia_Fetal Pulse; Cambodia_Stomach_Diameter;Cambodia_Height Of Uterus; Cambodia_Presenting Part; Cambodia_Other ANC Problems; Cambodia_Education Topic; Cambodia_Followup Appointment Date; Cambodia_ANC Notes;,,,,,,,,
,,,Cambodia_Date of Last Delivery,Cambodia_Date of Last Delivery,Date of last delivery,កំណត់ថ្ងៃកើតចុងក្រោយ,,,Question,Date,,,,,,,,,,,
,,,Cambodia_Date of Last Menstrual Period,Cambodia_Date of Last Menstrual Period,Date of last menstrual period,ថ្ងៃមករដូវចុងក្រោយ,,,Question,Date,,,,,,,,,,,
,,,Cambodia_Expected Due Date,Cambodia_Expected Due Date,Estimated due date,ការកំណត់ពេលប្រហាក់ប្រហែល ,,,Question,Date,,,,,,,,,,,
,,,Cambodia_Preg blood glucose,Cambodia_Preg blood glucose,low/high blood glucose ,ចុះជាតិស្ករ​/​ឡេីង​ជាតិស្ករ,,,Misc,N/A,,,,,,,,,,,
,,,Cambodia_Preg hypertension,Cambodia_Preg hypertension,hypertension​​​​,ឡេីង​សម្ពាធឈាម,,,Misc,N/A,,,,,,,,,,,
,,,Cambodia_Preg edema,Cambodia_Preg edema,peripheral edema​​​​​​​​ ​,ហេីមជេីងដៃ,,,Misc,N/A,,,,,,,,,,,
,,,Cambodia_Preg bleeding,Cambodia_Preg bleeding,vaginal bleeding​​​,ធ្លាក់ឈាម,,,Misc,N/A,,,,,,,,,,,
,,,Cambodia_Preg discharge,Cambodia_Preg discharge,vaginal discharge,​ធ្លាក់សរ,,,Misc,N/A,,,,,,,,,,,
,,,Cambodia_Preg abdominal pain,Cambodia_Preg abdominal pain,abdominal pain ,ឈឺពោះ,,,Misc,N/A,,,,,,,,,,,
,,,Cambodia_Problems During Last Pregnancy,Cambodia_Problems During Last Pregnancy,Significant Problems During Last Pregnancy,មានបញ្ហាខ្លះៗក្នុងពេលមានគភ៏ចុងក្រោយ,,,Question,Coded,,Cambodia_Preg blood glucose;Cambodia_Preg hypertension;Cambodia_Preg edema;Cambodia_Preg bleeding;Cambodia_Preg discharge;Cambodia_Preg abdominal pain;,,,,,,,,,
,,,Cambodia_Problems During Last Pregnancy Details,Cambodia_Problems During Last Pregnancy Details,Significant Problems During Last Pregnancy Details,និយាយពីបញ្ហាខ្លះៗ នៃពេលមានគភ៏ចុងក្រោយ,,,Question,Text,,,,,,,,,,,
,,,Cambodia_Problems During Last Pregnancy Set,Cambodia_Problems During Last Pregnancy Set,Significant Problems During Last Pregnancy,មានបញ្ហាខ្លះៗក្នុងពេលមានគភ៏ចុងក្រោយ,,,ConvSet,N/A,,,Cambodia_Problems During Last Pregnancy; Cambodia_Problems During Last Pregnancy Details,,,,,,,,
,,,Cambodia_Problems During Last Delivery,Cambodia_Problems During Last Delivery,Significant Problems During Last Delivery,មានបញ្ហាខ្លះៗក្នុងកុំឡុងពេលកើតកូនចុងក្រោយ,,,Question,Boolean,,,,,,,,,,,
,,,Cambodia_Problems During Last Delivery Details,Cambodia_Problems During Last Delivery Details,Significant Problems During Last Delivery Details,និយាយពី,,,Question,Text,,,,,,,,,,,
,,,Cambodia_Problems During Last Delivery Set,Cambodia_Problems During Last Delivery Set,Significant Problems During Last Delivery,មានបញ្ហាខ្លះៗក្នុងកុំឡុងពេលកើតកូនចុងក្រោយ,,,ConvSet,N/A,,,Cambodia_Problems During Last Delivery; Cambodia_Problems During Last Delivery Details,,,,,,,,
,,,Cambodia_Previous Caesarean Section,Cambodia_Previous Caesarean Section,Previous Caesarean Section,កើតកូនដោយវះ,,,Question,Boolean,,,,,,,,,,,
,,,Cambodia_Previous Caesarean Section Details,Cambodia_Previous Caesarean Section Details,Previous Caesarean Section Details,ពិពណ៌នាពេលកើតកូន,,,Question,Text,,,,,,,,,,,
,,,Cambodia_Previous Caesarean Section Set,Cambodia_Previous Caesarean Section Set,Previous Caesarean Section,កើតកូនដោយវះ,,,ConvSet,N/A,,,Cambodia_Previous Caesarean Section; Cambodia_Previous Caesarean Section Details,,,,,,,,
,,,Cambodia_Pregnancy Number,Cambodia_Pregnancy Number,Number of Pregnancies incl. miscarriages/abortions,ចំនួននៃផ្ទៃពោះរួមទាំងការលូតកូន/ការរំលូតកូន,,,Question,Numeric,,,,,,,,0,,,
,,,Cambodia_Abortions,Cambodia_Abortions,Miscarriages/Abortions (surviving <28wk OR weight <1kg),ការលូតកូន/ការរំលូតកូន(នៅរស់<២៨អាទិត្យឬរហូតដល់ទំងន់<១គក),,,Question,Numeric,,,,,,,,0,,,
,,,Cambodia_Newborn Survived,Cambodia_Newborn Survived,"Children surviving >28wk OR weight >1kg (incl. living children, miscarriages after 28wk/1kg)",នៅរស់>២៨អាទិត្យឬរហូតដល់ទំងន់>១គក(រួមទាំងនៅរស់/ការលូតកូនក្រោយមក២៨អាទិត្យ/១គក),,,Question,Numeric,,,,,,,,0,,,
,,,Cambodia_Living Children,Cambodia_Living Children,Living Children,នៅរស់,,,Question,Numeric,,,,,,,,0,,,
,,,Cambodia_ANC Obstetric History Form,Cambodia_ANC Obstetric History Form,ANC - Obstetric History,ប្រវត្តិសម្ភព,,,ConvSet,N/A,,,Cambodia_Pregnancy Number; Cambodia_Abortions; Cambodia_Newborn Survived; Cambodia_Living Children; Cambodia_Date of Last Delivery; Cambodia_Date of Last Menstrual Period; Cambodia_Expected Due Date; Cambodia_Previous Caesarean Section Set; Cambodia_Problems During Last Pregnancy Set; Cambodia_Problems During Last Delivery Set; Cambodia_Pregnant Women Immunizations Set,,,,,,,,
,,,Cambodia_Positive,Cambodia_Positive,Positive (+),Positive (+),,,Misc,N/A,,,,,,,,,,,
,,,Cambodia_Negative,Cambodia_Negative,Negative (-),Negative (-),,,Misc,N/A,,,,,,,,,,,
,,,Cambodia_LEU,Cambodia_LEU,LEU,LEU,,,Question,Coded,,Cambodia_Positive; Cambodia_Negative,,,,,,0,5,,
,,,Cambodia_NIT,Cambodia_NIT,NIT,NIT,,,Question,Coded,,Cambodia_Positive; Cambodia_Negative,,,,,,0,7,,
,,,Cambodia_URO,Cambodia_URO,URO,URO,,,Question,Coded,,Cambodia_Positive; Cambodia_Negative,,,,,,0,6,,
,,,Cambodia_PRO,Cambodia_PRO,PRO,PRO,,,Question,Coded,,Cambodia_Positive; Cambodia_Negative,,,,,,0,6,,
,,,Cambodia_pH,Cambodia_pH,pH,pH,,,Question,Numeric,,,,TRUE,,,,0,7,,
,,,Cambodia_BLO,Cambodia_BLO,BLO,BLO,,,Question,Coded,,Cambodia_Positive; Cambodia_Negative,,,,,,0,7,,
,,,Cambodia_SG,Cambodia_SG,SG,SG,,,Question,Coded,,Cambodia_Positive; Cambodia_Negative,,,,,,0,7,,
,,,Cambodia_KET,Cambodia_KET,KET,KET,,,Question,Coded,,Cambodia_Positive; Cambodia_Negative,,,,,,0,6,,
,,,Cambodia_BIL,Cambodia_BIL,BIL,BIL,,,Question,Coded,,Cambodia_Positive; Cambodia_Negative,,,,,,0,4,,
,,,Cambodia_GLU,Cambodia_GLU,GLU,GLU,,,Question,Coded,,Cambodia_Positive; Cambodia_Negative,,,,,,0,6,,
,,,Cambodia_ASC,Cambodia_ASC,ASC,ASC,,,Question,Coded,,Cambodia_Positive; Cambodia_Negative,,,,,,0,4,,
,,,Cambodia_Urinalysis,Cambodia_Urinalysis,Urinalysis,ការវិភាគទឹកនោម,,,ConvSet,N/A,,,Cambodia_LEU; Cambodia_NIT; Cambodia_URO; Cambodia_PRO; Cambodia_pH; Cambodia_BLO; Cambodia_SG; Cambodia_KET; Cambodia_BIL; Cambodia_GLU; Cambodia_ASC,,,,,,,,
,,,Cambodia_Fasting Blood Glucose,Cambodia_Fasting Blood Glucose,Fasting Blood Glucose (mg/dL),,,,Question,Numeric,,,,,,,,,,,
,,,Cambodia_PP Blood Glucose,Cambodia_PP Blood Glucose,PP Blood Glucose (mg/dL),,,,Question,Numeric,,,,,,,,,,,
,,,Cambodia_Pregnancy Test,Cambodia_Pregnancy Test,Pregnancy Test,,,,Question,Coded,,Cambodia_Positive; Cambodia_Negative,,,,,,,,,
,,,Cambodia_Malaria Rapid Test,Cambodia_Malaria Rapid Test,Malaria Rapid Test,,,,Question,Coded,,Cambodia_Positive; Cambodia_Negative,,,,,,,,,
,,,Cambodia_Lab Tests Orders,Cambodia_Lab Tests Orders,Lab Test Orders,,,,Question,Text,,,,,,,,,,,
,,,Cambodia_Lab Tests Results Attachment,Cambodia_Lab Tests Results Attachment,Lab Test Results Attachment,,,,Image,Complex,ImageUrlHandler,,,,,,,,,,
,,,Cambodia_Lab Tests Results Notes,Cambodia_Lab Tests Results Notes,Notes,កំណត់ត្រា,,,Question,Text,,,,,,,,,,,
,,,Cambodia_Lab Tests Results Form,Cambodia_Lab Tests Results Form,Tests in Clinic,បញ្ជាពិសោធន៍,,,ConvSet,N/A,,,Cambodia_Urinalysis; Cambodia_Fasting Blood Glucose; Cambodia_PP Blood Glucose; Cambodia_Pregnancy Test; Cambodia_Malaria Rapid Test; Cambodia_Lab Tests Results Notes,,,,,,,,
,,,Cambodia_Zone A,Cambodia_Zone A,Zone A,តំបន់ A,,,Misc,N/A,,,,,,,,,,,
,,,Cambodia_Zone B,Cambodia_Zone B,Zone B,តំបន់ B,,,Misc,N/A,,,,,,,,,,,
,,,Cambodia_Zone C,Cambodia_Zone C,Zone C,តំបន់ C,,,Misc,N/A,,,,,,,,,,,
acf4c89a-1731-430a-aefd-a5db1fe96ee8,,,Cambodia_Distance from Health Center,Cambodia_Distance from Health Center,Distance from Health Center,ចម្ងាយពីមណ្ឌលសុខភាព,,,Question,Coded,,Cambodia_Zone A; Cambodia_Zone B; Cambodia_Zone C;,,,,,,,,,
,,,Cambodia_Referred From,Cambodia_Referred From,Referred from,បញ្ចូនមកពី,,,Question,Text,,,,,,,,,,,
,,,Cambodia_Referred From Set,Cambodia_Referred From Set,Referral,បញ្ចូនមក,,,ConvSet,N/A,,,Cambodia_Referred From,,,,,,,,
,,,Cambodia_Registration Fee,Cambodia_Registration Fee,Registration Fee,ថ្លៃ​ចុះឈ្មោះ,,,Question,Numeric,,,,TRUE,KHR,,,,,,
,,,Cambodia_Check,Cambodia_Check,Check,វិក័យប័រត,,,Misc,N/A,,,,,,,,,,,
,,,Cambodia_Online,Cambodia_Online,Online,ថ្លៃសេវា i,,,Misc,N/A,,,,,,,,,,,
,,,Cambodia_Credit Card,Cambodia_Credit Card,Credit Card,កាត​ឥណទាន,,,Misc,N/A,,,,,,,,,,,
,,,Cambodia_Cash,Cambodia_Cash,Cash,សាច់ប្រាក់,,,Misc,N/A,,,,,,,,,,,
,,,Cambodia_Payment Method,Cambodia_Payment Method,Payment Method,វិធី​សា​ស្រ្ត​ទូទាត់,,,Question,Coded,,Cambodia_Cash; Cambodia_Credit Card; Cambodia_Check; Cambodia_Online;  ,,,,,,,,,
,,,Cambodia_Fee Information,Cambodia_Fee Information,Fee Information,ព័ត៌មានថ្លៃសេវា,,,ConvSet,N/A,,,Cambodia_Registration Fee; Cambodia_Payment Method,,,,,,,,
,,,PO - Oral,PO - Oral,PO - Oral,PO - Oral,,,Misc,N/A,,,,,,,,,,,
,,,Tongue,Tongue,Tongue,Tongue,,,Misc,N/A,,,,,,,,,,,
,,,Eye drop,Eye drop,Eye drop,Eye drop,,,Misc,N/A,,,,,,,,,,,
,,,Ear drop,Ear drop,Ear drop,Ear drop,,,Misc,N/A,,,,,,,,,,,
,,,NAS - Nasal (nose),NAS - Nasal (nose),NAS - Nasal (nose),NAS - Nasal (nose),,,Misc,N/A,,,,,,,,,,,
,,,INH - Inhalation,INH - Inhalation,INH - Inhalation,INH - Inhalation,,,Misc,N/A,,,,,,,,,,,
,,,TOP - Topical (skin),TOP - Topical (skin),TOP - Topical (skin),TOP - Topical (skin),,,Misc,N/A,,,,,,,,,,,
,,,SC - Subcutaneous (under skin),SC - Subcutaneous (under skin),SC - Subcutaneous (under skin),SC - Subcutaneous (under skin),,,Misc,N/A,,,,,,,,,,,
,,,PR - Per rectum,PR - Per rectum,PR - Per rectum,PR - Per rectum,,,Misc,N/A,,,,,,,,,,,
,,,PV - Per vagina,PV - Per vagina,PV - Per vagina,PV - Per vagina,,,Misc,N/A,,,,,,,,,,,
,,,ID - Intradermal,ID - Intradermal,ID - Intradermal,ID - Intradermal,,,Misc,N/A,,,,,,,,,,,
,,,IV - Intravenous,IV - Intravenous,IV - Intravenous,IV - Intravenous,,,Misc,N/A,,,,,,,,,,,
,,,IM - Intramuscular,IM - Intramuscular,IM - Intramuscular,IM - Intramuscular,,,Misc,N/A,,,,,,,,,,,
9d697972-3f10-11e4-adec-0800271c1b75,,,Drug Routes,ផ្លូវឱសថ,Drug Routes,ផ្លូវឱសថ,,,ConvSet,N/A,,,PO - Oral; Tongue; Eye drop; Ear drop; NAS - Nasal (nose); INH - Inhalation; TOP - Topical (skin); SC - Subcutaneous (under skin); PR - Per rectum; PV - Per vagina; ID - Intradermal; IV - Intravenous; IM - Intramuscular,,,,,,,,
,,,During Meals,អំឡុងពេលញ៉ាំអាហារ,During meals,អំឡុងពេលញ៉ាំអាហារ,,,Misc,N/A,,,,,,,,,,,
9d8f3516-3f10-11e4-adec-0800271c1b75,,,As directed,តាមទិសដៅ,As Directed,តាមទិសដៅ,,,Misc,N/A,,,,,,,,,,,
9d875aac-3f10-11e4-adec-0800271c1b75,,,Before meals,មុនពេលញ៉ាំអាហារ,Before Meals,មុនពេលញ៉ាំអាហារ,,,Misc,N/A,,,,,,,,,,,
9d88ea4d-3f10-11e4-adec-0800271c1b75,,,After meals,បន្ទាប់ពីអាហាររួច,After Meals,បន្ទាប់ពីអាហាររួច,,,Misc,N/A,,,,,,,,,,,
9d8843ed-3f10-11e4-adec-0800271c1b75,,,Empty stomach,ក្រពះទទេ,Empty Stomach,ក្រពះទទេ,,,Misc,N/A,,,,,,,,,,,
9d89caea-3f10-11e4-adec-0800271c1b75,,,In the morning,នៅ​ពេលព្រឹក,In the Morning,នៅ​ពេលព្រឹក,,,Misc,N/A,,,,,,,,,,,
9d8a7236-3f10-11e4-adec-0800271c1b75,,,In the evening,នៅ​ពេលល្ងាច,In the Evening,នៅ​ពេលល្ងាច,,,Misc,N/A,,,,,,,,,,,
9d8dbcd7-3f10-11e4-adec-0800271c1b75,,,At bedtime,នៅពេលចូលគេង,At Bedtime,នៅពេលចូលគេង,,,Misc,N/A,,,,,,,,,,,
9d86785e-3f10-11e4-adec-0800271c1b75,,,Dosing Instructions,ការណែនាំ,Dosing Instructions,ការណែនាំ,,,ConvSet,N/A,,,As directed; Before meals; During Meals; After meals; Empty stomach; In the morning; In the evening; At bedtime,,,,,,,,
33bc78b1-8a92-11e4-977f-0800271c1b75,,SNOMED:258701004,Minute(s),នាទី,Minute(s),នាទី,,,Misc,N/A,,,,,,,,,,,
bb62c684-3f10-11e4-adec-0800271c1b75,,SNOMED:258702006,Hour(s),ម៉ោង,Hour(s),ម៉ោង,,,Misc,N/A,,,,,,,,,,,
9d7437a9-3f10-11e4-adec-0800271c1b75,,SNOMED:258703001,Day(s),ថ្ងៃ (លំនាំដើម),Day(s),ថ្ងៃ (លំនាំដើម),,,Misc,N/A,,,,,,,,,,,
bb6436e3-3f10-11e4-adec-0800271c1b75,,SNOMED:258705008,Week(s),សប្ដាហ៍,Week(s),សប្ដាហ៍,,,Misc,N/A,,,,,,,,,,,
bb655344-3f10-11e4-adec-0800271c1b75,,SNOMED:258706009,Month(s),ខែ,Month(s),ខែ,,,Misc,N/A,,,,,,,,,,,
9d735b63-3f10-11e4-adec-0800271c1b75,,,Duration Units,ឯកតានៃថិរវេលា,Duration Units,ឯកតានៃថិរវេលា,,,ConvSet,N/A,,,Minute(s); Hour(s); Day(s); Week(s); Month(s),,,,,,,,
9d77abd7-3f10-11e4-adec-0800271c1b75,,,QD - 1X /day,QD - 1X /ថ្ងៃ,QD - 1X /day,QD - 1X /ថ្ងៃ,,,Misc,N/A,,,,,,,,,,,
9d7c81f9-3f10-11e4-adec-0800271c1b75,,,BID - 2X /day,BID - 2X /ថ្ងៃ,BID - 2X /day,BID - 2X /ថ្ងៃ,,,Misc,N/A,,,,,,,,,,,
9d7d753b-3f10-11e4-adec-0800271c1b75,,,TID - 3X /day,TID - 3X /ថ្ងៃ,TID - 3X /day,TID - 3X /ថ្ងៃ,,,Misc,N/A,,,,,,,,,,,
9d83d5f2-3f10-11e4-adec-0800271c1b75,,,QID - 4X /day,QID - 4X /ថ្ងៃ,QID - 4X /day,QID - 4X /ថ្ងៃ,,,Misc,N/A,,,,,,,,,,,
9d8e6918-3f10-11e4-adec-0800271c1b75,,,STAT - Immediately,STAT - ភ្លាម,STAT - Immediately,STAT - ភ្លាម,,,Misc,N/A,,,,,,,,,,,
29b7e28c-71bf-4442-9f38-b9a9d57fadc9,,,Capsule(s),Capsule(s),Capsule(s),Capsule(s),,,Misc,N/A,,,,,,,,,,,
86239663-7b04-4563-b877-d7efc4fe6c46,,,Tablet(s),Tablet(s),Tablet(s),Tablet(s),,,Misc,N/A,,,,,,,,,,,
9d65f54b-3f10-11e4-adec-0800271c1b75,,,ml,ml,ml,ml,,,Misc,N/A,,,,,,,,,,,
9d6691d8-3f10-11e4-adec-0800271c1b75,,,mg,mg,mg,mg,,,Misc,N/A,,,,,,,,,,,
333eb629-8a92-11e4-977f-0800271c1b75,,,IU,IU,IU,IU,,,Misc,N/A,,,,,,,,,,,
9d6540e1-3f10-11e4-adec-0800271c1b75,,,Drop,Drop,Drop,Drop,,,Misc,N/A,,,,,,,,,,,
9d5e14bb-3f10-11e4-adec-0800271c1b75,,,Tablespoon,Tablespoon,Tablespoon,Tablespoon,,,Misc,N/A,,,,,,,,,,,
9d5d5f6e-3f10-11e4-adec-0800271c1b75,,,Teaspoon,Teaspoon,Teaspoon,Teaspoon,,,Misc,N/A,,,,,,,,,,,
333f4c20-8a92-11e4-977f-0800271c1b75,,,Unit(s),Unit(s),Unit(s),Unit(s),,,Misc,N/A,,,,,,,,,,,
335ca7f3-682a-4c35-a9b4-a29e003d3cad,,,Puff(s),Puff(s),Puff(s),Puff(s),,,Misc,N/A,,,,,,,,,,,
9d5b708e-3f10-11e4-adec-0800271c1b75,,,Dosing Units,ឯកតាកំរិត,Dosing Units,ឯកតាកំរិត,,,ConvSet,N/A,,,Unit(s);Capsule(s); Tablet(s); Drop;Teaspoon;  Tablespoon; Puff(s); ml; mg; IU; ,,,,,,,,
e74aebd1-51b5-424f-b9f0-339fd8cd3588,,,Female,Female,Female,ស្រី,,,Misc,N/A,,,,,,,,,,,
544634f2-4c08-48b0-9b2b-35251189a59b,,,Male,Male,Male,បុរស,,,Misc,N/A,,,,,,,,,,,
c46896fd-3f10-11e4-adec-0800271c1b75,,,Patient Document,Patient Document,Patient Document,Patient Document,,,ConvSet,N/A,,,Image;,,,,,,,,
,,,Dizziness,Dizziness,Dizziness,,,,Misc,N/A,,,,,,,,,,,
,,,Diarrhea,Diarrhea,Diarrhea,,,,Misc,N/A,,,,,,,,,,,
,,,Sore throat,Sore throat,Sore throat,,,,Misc,N/A,,,,,,,,,,,
,,,Runny nose,Runny nose,Runny nose,,,,Misc,N/A,,,,,,,,,,,
,,,Earache,Earache,Earache,,,,Misc,N/A,,,,,,,,,,,
,,,Epigastric pain,Epigastric pain,Epigastric pain,,,,Misc,N/A,,,,,,,,,,,
,,,Dysuria,Dysuria,Dysuria,,,,Misc,N/A,,,,,,,,,,,
,,,"Complaint, Other","Complaint, Other","Complaint, Other",,,,Misc,N/A,,,,,,,,,,,
c3959ab5-3f10-11e4-adec-0800271c1b75,,,Chief Complaint,Chief Complaint,Chief Complaint,Chief Complaint,,,Misc,Coded,,"Abdominal pain;Abdominal Lump;Anorexia;Anasarca;Anxiety states;Bleeding, rectal ;Chest Pain;Cleft Palate;Constipation; Convulsions; Cough; Crying, infant, excessive; Dental caries; Diarrhea; Dizziness; Dysphagia; Dysuria; Earache; Edema, localized, NOS; Epigastric pain; Epistaxis; Failure to thrive, child; Fatigue and malaise, other; Feeding problem, infant/elderly; Fever; Fracture upper arm; Gas/bloating; Gingival and periodontal diseases; Headache; Hearing loss; Heartburn; Blood in vomiting; Hemiplegia and hemiparesis; Hemoptysis; Hiccups; Hoarseness; Infertility; Injury; Irregular menstrual cycle; Joint swelling, single; Localized swelling/mass, superficial; Lump in breast; Swelling; Malaise and fatigue; Memory loss; Mental status changes; Nausea w/ vomiting; Nausea, alone; Nocturia; Obstructed labor; Pain, chronic, due to trauma; Pain, knee; Low backache; Palpitations; Polyuria; Rash, nonvesicular, unspec.; Runny nose; Something coming out of anus; Seizures, convulsions, other; Seizures, simple, febrile, unspec.; Shortness of breath; Sickle-cell anemia; Somethingcoming out per vaginum; Stomatitis and mucositis; Sweating, excessive; Sore throat; Throat Pain; Ulcer of lower limbs; Vomiting; Walking difficulty; Wheezing; Complaint, Other;",,,,,,,,,
,,,Cambodia_New Patient,Cambodia_New Patient,First visit,,,,Misc,N/A,,,,,,,,,,,
,,,Cambodia_Old Patient,Cambodia_Old Patient,-,,,,Misc,N/A,,,,,,,,,,,
cede5394-4d47-446f-85cc-e649673af6ea,,,impl.patientStatus,impl.patientStatus,Patient Status,,impl.patientStatus.desc,,Question,Coded,,Cambodia_New Patient;Cambodia_Old Patient;,,,,,,,,,